https://zakupki.gov.ru/223/contract/public/contract/view/subject-contract.html?style44=false&id=11742676;;Информация о договоре;Информация о предмете договора;Изменения;Журнал событий;Цена договора;665 340,00;Валюта;Российский рубль;Дата начала исполнения договора;30.04.2021;Условие начала исполнения договора;-;Дата окончания исполнения договора;-;Условие окончания исполнения договора;до полного исполнения обязательств по договору;Наименование товаров, работ, услуг;;Классификация по ОКПД2;Удалить;Только позиции с неуказанным полем ОКПД2;;
https://zakupki.gov.ru/223/contract/public/contract/view/subject-contract.html?style44=false&id=11757123;;Информация о договоре;Информация о предмете договора;Изменения;Журнал событий;Цена договора;4 172 000,00;Валюта;Российский рубль;Дата начала исполнения договора;23.06.2021;Условие начала исполнения договора;-;Дата окончания исполнения договора;31.12.2021;Условие окончания исполнения договора;-;Наименование товаров, работ, услуг;;Классификация по ОКПД2;Удалить;Только позиции с неуказанным полем ОКПД2;;
https://zakupki.gov.ru/223/contract/public/contract/view/subject-contract.html?style44=false&id=11755902;;Информация о договоре;Информация о предмете договора;Изменения;Журнал событий;Цена договора;576 000,00;Валюта;Российский рубль;Дата начала исполнения договора;11.06.2021;Условие начала исполнения договора;-;Дата окончания исполнения договора;-;Условие окончания исполнения договора;до полного исполнения обязательств по договору;Наименование товаров, работ, услуг;;Классификация по ОКПД2;Удалить;Только позиции с неуказанным полем ОКПД2;;
https://zakupki.gov.ru/223/contract/public/contract/view/subject-contract.html?style44=false&id=11751799;;Информация о договоре;Информация о предмете договора;Изменения;Журнал событий;Цена договора;589 250,00;Валюта;Российский рубль;Дата начала исполнения договора;14.07.2021;Условие начала исполнения договора;-;Дата окончания исполнения договора;-;Условие окончания исполнения договора;до полного исполнения обязательств по договору;Наименование товаров, работ, услуг;;Классификация по ОКПД2;Удалить;Только позиции с неуказанным полем ОКПД2;;
https://zakupki.gov.ru/223/contract/public/contract/view/subject-contract.html?style44=false&id=11750180;;Информация о договоре;Информация о предмете договора;Изменения;Журнал событий;Цена договора;199 308,00;Валюта;Российский рубль;Дата начала исполнения договора;14.07.2021;Условие начала исполнения договора;-;Дата окончания исполнения договора;31.12.2021;Условие окончания исполнения договора;-;Наименование товаров, работ, услуг;;Классификация по ОКПД2;Удалить;Только позиции с неуказанным полем ОКПД2;;
https://zakupki.gov.ru/223/contract/public/contract/view/subject-contract.html?style44=false&id=11647941;;Информация о договоре;Информация о предмете договора;Изменения;Журнал событий;Цена договора;4 932 532,15;Валюта;Российский рубль;Дата начала исполнения договора;01.07.2021;Условие начала исполнения договора;Заключение договора;Дата окончания исполнения договора;30.01.2022;Условие окончания исполнения договора;Полное исполнение сторонами своих обязательств по договору;Наименование товаров, работ, услуг;;Классификация по ОКПД2;Удалить;Только позиции с неуказанным полем ОКПД2;;
https://zakupki.gov.ru/223/contract/public/contract/view/subject-contract.html?style44=false&id=11749008;;Информация о договоре;Информация о предмете договора;Изменения;Журнал событий;Цена договора;790 000,00;Валюта;Российский рубль;Дата начала исполнения договора;12.07.2021;Условие начала исполнения договора;-;Дата окончания исполнения договора;-;Условие окончания исполнения договора;до полного исполнения обязательств по договору;Наименование товаров, работ, услуг;;Классификация по ОКПД2;Удалить;Только позиции с неуказанным полем ОКПД2;;
https://zakupki.gov.ru/223/contract/public/contract/view/subject-contract.html?style44=false&id=11607140;;Информация о договоре;Информация о предмете договора;Изменения;Журнал событий;Цена договора;2 000 000,00;Валюта;Российский рубль;Дата начала исполнения договора;01.06.2021;Условие начала исполнения договора;-;Дата окончания исполнения договора;30.10.2021;Условие окончания исполнения договора;-;Наименование товаров, работ, услуг;;Классификация по ОКПД2;Удалить;Только позиции с неуказанным полем ОКПД2;;
https://zakupki.gov.ru/223/contract/public/contract/view/subject-contract.html?style44=false&id=11736416;;Информация о договоре;Информация о предмете договора;Изменения;Журнал событий;Цена договора;1 500 000,00;Валюта;Российский рубль;Дата начала исполнения договора;09.07.2021;Условие начала исполнения договора;-;Дата окончания исполнения договора;-;Условие окончания исполнения договора;до полного исполнения обязательств по договору;Наименование товаров, работ, услуг;;Классификация по ОКПД2;Удалить;Только позиции с неуказанным полем ОКПД2;;
https://zakupki.gov.ru/223/contract/public/contract/view/subject-contract.html?style44=false&id=11733362;;Информация о договоре;Информация о предмете договора;Изменения;Журнал событий;Цена договора;440 000,00;Валюта;Российский рубль;Дата начала исполнения договора;12.07.2021;Условие начала исполнения договора;заключение договора;Дата окончания исполнения договора;09.10.2021;Условие окончания исполнения договора;полное исполнение сторонами условий договора;Наименование товаров, работ, услуг;;Классификация по ОКПД2;Удалить;Только позиции с неуказанным полем ОКПД2;;
https://zakupki.gov.ru/223/contract/public/contract/view/subject-contract.html?style44=false&id=11708638;;Информация о договоре;Информация о предмете договора;Изменения;Журнал событий;Цена договора;595 550,00;Валюта;Российский рубль;Дата начала исполнения договора;08.07.2021;Условие начала исполнения договора;-;Дата окончания исполнения договора;05.08.2021;Условие окончания исполнения договора;-;Наименование товаров, работ, услуг;;Классификация по ОКПД2;Удалить;Только позиции с неуказанным полем ОКПД2;;
https://zakupki.gov.ru/223/contract/public/contract/view/subject-contract.html?style44=false&id=11708280;;Информация о договоре;Информация о предмете договора;Изменения;Журнал событий;Цена договора;4 675 000,00;Валюта;Российский рубль;Дата начала исполнения договора;06.07.2021;Условие начала исполнения договора;заключение договора;Дата окончания исполнения договора;31.01.2022;Условие окончания исполнения договора;Полное исполнение сторонами своих обязательств по договору;Наименование товаров, работ, услуг;;Классификация по ОКПД2;Удалить;Только позиции с неуказанным полем ОКПД2;;
https://zakupki.gov.ru/223/contract/public/contract/view/subject-contract.html?style44=false&id=11689483;;Информация о договоре;Информация о предмете договора;Изменения;Журнал событий;Цена договора;152 790,00;Валюта;Российский рубль;Дата начала исполнения договора;01.07.2021;Условие начала исполнения договора;-;Дата окончания исполнения договора;-;Условие окончания исполнения договора;до полного исполнения обязательств по договору;Наименование товаров, работ, услуг;;Классификация по ОКПД2;Удалить;Только позиции с неуказанным полем ОКПД2;;
https://zakupki.gov.ru/223/contract/public/contract/view/subject-contract.html?style44=false&id=10384586;;Информация о договоре;Информация о предмете договора;Изменения;Журнал событий;Цена договора;4 989 506,44;Валюта;Российский рубль;Дата начала исполнения договора;24.12.2020;Условие начала исполнения договора;Заключение договора;Дата окончания исполнения договора;30.06.2021;Условие окончания исполнения договора;Полное исполнение сторонами своих обязательств по договору;Наименование товаров, работ, услуг;;Классификация по ОКПД2;Удалить;Только позиции с неуказанным полем ОКПД2;;
https://zakupki.gov.ru/223/contract/public/contract/view/subject-contract.html?style44=false&id=11425058;;Информация о договоре;Информация о предмете договора;Изменения;Журнал событий;Цена договора;338 800,00;Валюта;Российский рубль;Дата начала исполнения договора;27.05.2021;Условие начала исполнения договора;-;Дата окончания исполнения договора;31.12.2021;Условие окончания исполнения договора;-;Наименование товаров, работ, услуг;;Классификация по ОКПД2;Удалить;Только позиции с неуказанным полем ОКПД2;;
https://zakupki.gov.ru/223/contract/public/contract/view/subject-contract.html?style44=false&id=11671706;;Информация о договоре;Информация о предмете договора;Изменения;Журнал событий;Цена договора;450 000,00;Валюта;Российский рубль;Дата начала исполнения договора;01.07.2021;Условие начала исполнения договора;-;Дата окончания исполнения договора;31.12.2021;Условие окончания исполнения договора;Поставка с 01.07.2021 по 31.12.2021;Наименование товаров, работ, услуг;;Классификация по ОКПД2;Удалить;Только позиции с неуказанным полем ОКПД2;;
https://zakupki.gov.ru/223/contract/public/contract/view/subject-contract.html?style44=false&id=11645456;;Информация о договоре;Информация о предмете договора;Изменения;Журнал событий;Цена договора;2 025 805,50;Валюта;Российский рубль;Дата начала исполнения договора;30.06.2021;Условие начала исполнения договора;-;Дата окончания исполнения договора;31.12.2021;Условие окончания исполнения договора;-;Наименование товаров, работ, услуг;;Классификация по ОКПД2;Удалить;Только позиции с неуказанным полем ОКПД2;;
https://zakupki.gov.ru/223/contract/public/contract/view/subject-contract.html?style44=false&id=10187992;;Информация о договоре;Информация о предмете договора;Изменения;Журнал событий;Цена договора;321 125,33;Валюта;Российский рубль;Дата начала исполнения договора;20.01.2020;Условие начала исполнения договора;-;Дата окончания исполнения договора;30.06.2021;Условие окончания исполнения договора;-;Наименование товаров, работ, услуг;;Классификация по ОКПД2;Удалить;Только позиции с неуказанным полем ОКПД2;;
https://zakupki.gov.ru/223/contract/public/contract/view/subject-contract.html?style44=false&id=11628661;;Информация о договоре;Информация о предмете договора;Изменения;Журнал событий;Цена договора;591 000,00;Валюта;Российский рубль;Дата начала исполнения договора;25.06.2021;Условие начала исполнения договора;Заключение Договора;Дата окончания исполнения договора;15.12.2021;Условие окончания исполнения договора;Полное исполнение сторона своих обязательств по Договору.;Наименование товаров, работ, услуг;;Классификация по ОКПД2;Удалить;Только позиции с неуказанным полем ОКПД2;;
https://zakupki.gov.ru/223/contract/public/contract/view/subject-contract.html?style44=false&id=11606811;;Информация о договоре;Информация о предмете договора;Изменения;Журнал событий;Цена договора;3 898 617,00;Валюта;Российский рубль;Дата начала исполнения договора;22.06.2021;Условие начала исполнения договора;-;Дата окончания исполнения договора;-;Условие окончания исполнения договора;до полного исполнения обязательств по договору;Наименование товаров, работ, услуг;;Классификация по ОКПД2;Удалить;Только позиции с неуказанным полем ОКПД2;;
https://zakupki.gov.ru/223/contract/public/contract/view/subject-contract.html?style44=false&id=11588491;;Информация о договоре;Информация о предмете договора;Изменения;Журнал событий;Цена договора;2 427 493,20;Валюта;Российский рубль;Дата начала исполнения договора;22.06.2021;Условие начала исполнения договора;-;Дата окончания исполнения договора;31.03.2022;Условие окончания исполнения договора;-;Наименование товаров, работ, услуг;;Классификация по ОКПД2;Удалить;Только позиции с неуказанным полем ОКПД2;;
https://zakupki.gov.ru/223/contract/public/contract/view/subject-contract.html?style44=false&id=11571662;;Информация о договоре;Информация о предмете договора;Изменения;Журнал событий;Цена договора;714 333,33;Валюта;Российский рубль;Дата начала исполнения договора;31.05.2021;Условие начала исполнения договора;-;Дата окончания исполнения договора;08.09.2021;Условие окончания исполнения договора;-;Наименование товаров, работ, услуг;;Классификация по ОКПД2;Удалить;Только позиции с неуказанным полем ОКПД2;;
https://zakupki.gov.ru/223/contract/public/contract/view/subject-contract.html?style44=false&id=10512524;;Информация о договоре;Информация о предмете договора;Изменения;Журнал событий;Цена договора;2 352 000,00;Валюта;Российский рубль;Дата начала исполнения договора;11.01.2021;Условие начала исполнения договора;-;Дата окончания исполнения договора;31.01.2022;Условие окончания исполнения договора;-;Наименование товаров, работ, услуг;;Классификация по ОКПД2;Удалить;Только позиции с неуказанным полем ОКПД2;;
https://zakupki.gov.ru/223/contract/public/contract/view/subject-contract.html?style44=false&id=11569110;;Информация о договоре;Информация о предмете договора;Изменения;Журнал событий;Цена договора;1 037 000,00;Валюта;Российский рубль;Дата начала исполнения договора;16.06.2021;Условие начала исполнения договора;-;Дата окончания исполнения договора;31.08.2021;Условие окончания исполнения договора;-;Наименование товаров, работ, услуг;;Классификация по ОКПД2;Удалить;Только позиции с неуказанным полем ОКПД2;;
https://zakupki.gov.ru/223/contract/public/contract/view/subject-contract.html?style44=false&id=11545490;;Информация о договоре;Информация о предмете договора;Изменения;Журнал событий;Цена договора;2 304 000,00;Валюта;Российский рубль;Дата начала исполнения договора;01.07.2021;Условие начала исполнения договора;-;Дата окончания исполнения договора;31.12.2021;Условие окончания исполнения договора;-;Наименование товаров, работ, услуг;;Классификация по ОКПД2;Удалить;Только позиции с неуказанным полем ОКПД2;;
https://zakupki.gov.ru/223/contract/public/contract/view/subject-contract.html?style44=false&id=10290578;;Информация о договоре;Информация о предмете договора;Изменения;Журнал событий;Цена договора;65 000,00;Валюта;Российский рубль;Дата начала исполнения договора;01.01.2021;Условие начала исполнения договора;-;Дата окончания исполнения договора;31.12.2021;Условие окончания исполнения договора;-;Наименование товаров, работ, услуг;;Классификация по ОКПД2;Удалить;Только позиции с неуказанным полем ОКПД2;;
https://zakupki.gov.ru/223/contract/public/contract/view/subject-contract.html?style44=false&id=11541480;;Информация о договоре;Информация о предмете договора;Изменения;Журнал событий;Цена договора;102 000,00;Валюта;Российский рубль;Дата начала исполнения договора;15.06.2021;Условие начала исполнения договора;-;Дата окончания исполнения договора;13.09.2021;Условие окончания исполнения договора;-;Наименование товаров, работ, услуг;;Классификация по ОКПД2;Удалить;Только позиции с неуказанным полем ОКПД2;;
https://zakupki.gov.ru/223/contract/public/contract/view/subject-contract.html?style44=false&id=11494737;;Информация о договоре;Информация о предмете договора;Изменения;Журнал событий;Цена договора;72 031,50;Валюта;Российский рубль;Дата начала исполнения договора;07.06.2021;Условие начала исполнения договора;-;Дата окончания исполнения договора;07.07.2021;Условие окончания исполнения договора;-;Наименование товаров, работ, услуг;;Классификация по ОКПД2;Удалить;Только позиции с неуказанным полем ОКПД2;;
https://zakupki.gov.ru/223/contract/public/contract/view/subject-contract.html?style44=false&id=11331361;;Информация о договоре;Информация о предмете договора;Изменения;Журнал событий;Цена договора;410 100,00;Валюта;Российский рубль;Дата начала исполнения договора;12.05.2021;Условие начала исполнения договора;заключение договора;Дата окончания исполнения договора;31.01.2022;Условие окончания исполнения договора;полное исполнение сторонами своих обязательств по договору;Наименование товаров, работ, услуг;;Классификация по ОКПД2;Удалить;Только позиции с неуказанным полем ОКПД2;;
https://zakupki.gov.ru/223/contract/public/contract/view/subject-contract.html?style44=false&id=11218946;;Информация о договоре;Информация о предмете договора;Изменения;Журнал событий;Цена договора;532 297,14;Валюта;Российский рубль;Дата начала исполнения договора;05.04.2021;Условие начала исполнения договора;Поставка Товара по 31.12.2021г. Договор вступает в силу с момента подписания его Сторонами и действует до полного исполнения Сторонами своих обязательств по настоящему Договору;Дата окончания исполнения договора;28.02.2022;Условие окончания исполнения договора;Поставка Товара по 31.12.2021г. Договор вступает в силу с момента подписания его Сторонами и действует до полного исполнения Сторонами своих обязательств по настоящему Договору;Наименование товаров, работ, услуг;;Классификация по ОКПД2;Удалить;Только позиции с неуказанным полем ОКПД2;;
https://zakupki.gov.ru/223/contract/public/contract/view/subject-contract.html?style44=false&id=11180451;;Информация о договоре;Информация о предмете договора;Изменения;Журнал событий;Цена договора;70 800,00;Валюта;Российский рубль;Дата начала исполнения договора;01.04.2021;Условие начала исполнения договора;-;Дата окончания исполнения договора;31.01.2022;Условие окончания исполнения договора;-;Наименование товаров, работ, услуг;;Классификация по ОКПД2;Удалить;Только позиции с неуказанным полем ОКПД2;;
https://zakupki.gov.ru/223/contract/public/contract/view/subject-contract.html?style44=false&id=11000735;;Информация о договоре;Информация о предмете договора;Изменения;Журнал событий;Цена договора;147 390,00;Валюта;Российский рубль;Дата начала исполнения договора;19.03.2021;Условие начала исполнения договора;-;Дата окончания исполнения договора;22.12.2021;Условие окончания исполнения договора;-;Наименование товаров, работ, услуг;;Классификация по ОКПД2;Удалить;Только позиции с неуказанным полем ОКПД2;;
https://zakupki.gov.ru/223/contract/public/contract/view/subject-contract.html?style44=false&id=10161954;;Информация о договоре;Информация о предмете договора;Изменения;Журнал событий;Цена договора;337 130,00;Валюта;Российский рубль;Дата начала исполнения договора;27.11.2020;Условие начала исполнения договора;-;Дата окончания исполнения договора;31.01.2021;Условие окончания исполнения договора;-;Наименование товаров, работ, услуг;;Классификация по ОКПД2;Удалить;Только позиции с неуказанным полем ОКПД2;;
https://zakupki.gov.ru/223/contract/public/contract/view/subject-contract.html?style44=false&id=10920977;;Информация о договоре;Информация о предмете договора;Изменения;Журнал событий;Цена договора;2 972 200,00;Валюта;Российский рубль;Дата начала исполнения договора;09.12.2020;Условие начала исполнения договора;-;Дата окончания исполнения договора;31.07.2021;Условие окончания исполнения договора;-;Наименование товаров, работ, услуг;;Классификация по ОКПД2;Удалить;Только позиции с неуказанным полем ОКПД2;;
https://zakupki.gov.ru/223/contract/public/contract/view/subject-contract.html?style44=false&id=10731286;;Информация о договоре;Информация о предмете договора;Изменения;Журнал событий;Цена договора;1 747 200,00;Валюта;Российский рубль;Дата начала исполнения договора;05.02.2021;Условие начала исполнения договора;-;Дата окончания исполнения договора;30.06.2021;Условие окончания исполнения договора;-;Наименование товаров, работ, услуг;;Классификация по ОКПД2;Удалить;Только позиции с неуказанным полем ОКПД2;;
https://zakupki.gov.ru/223/contract/public/contract/view/subject-contract.html?style44=false&id=10667114;;Информация о договоре;Информация о предмете договора;Изменения;Журнал событий;Цена договора;659 820,00;Валюта;Российский рубль;Дата начала исполнения договора;10.11.2020;Условие начала исполнения договора;-;Дата окончания исполнения договора;-;Условие окончания исполнения договора;до полного исполнения обязательств по договору;Наименование товаров, работ, услуг;;Классификация по ОКПД2;Удалить;Только позиции с неуказанным полем ОКПД2;;
https://zakupki.gov.ru/223/contract/public/contract/view/subject-contract.html?style44=false&id=10623657;;Информация о договоре;Информация о предмете договора;Изменения;Журнал событий;Цена договора;887 100,00;Валюта;Российский рубль;Дата начала исполнения договора;28.12.2018;Условие начала исполнения договора;-;Дата окончания исполнения договора;31.12.2021;Условие окончания исполнения договора;до полного исполнения сторонами обязательств;Наименование товаров, работ, услуг;;Классификация по ОКПД2;Удалить;Только позиции с неуказанным полем ОКПД2;;
https://zakupki.gov.ru/223/contract/public/contract/view/subject-contract.html?style44=false&id=8239341;;Информация о договоре;Информация о предмете договора;Изменения;Журнал событий;Цена договора;300 831,06;Валюта;Российский рубль;Дата начала исполнения договора;25.12.2018;Условие начала исполнения договора;-;Дата окончания исполнения договора;31.12.2020;Условие окончания исполнения договора;до полного исполнения сторонами обязательств;Наименование товаров, работ, услуг;;Классификация по ОКПД2;Удалить;Только позиции с неуказанным полем ОКПД2;;
https://zakupki.gov.ru/223/contract/public/contract/view/subject-contract.html?style44=false&id=9741059;;Информация о договоре;Информация о предмете договора;Изменения;Журнал событий;Цена договора;324 517,20;Валюта;Российский рубль;Дата начала исполнения договора;14.09.2020;Условие начала исполнения договора;c момента подписания;Дата окончания исполнения договора;30.11.2020;Условие окончания исполнения договора;-;Наименование товаров, работ, услуг;;Классификация по ОКПД2;Удалить;Только позиции с неуказанным полем ОКПД2;;
https://zakupki.gov.ru/223/contract/public/contract/view/subject-contract.html?style44=false&id=10547778;;Информация о договоре;Информация о предмете договора;Изменения;Журнал событий;Цена договора;450 000,00;Валюта;Российский рубль;Дата начала исполнения договора;01.01.2021;Условие начала исполнения договора;-;Дата окончания исполнения договора;30.06.2021;Условие окончания исполнения договора;Поставка с 01.01.2021 по 30.06.2021. Оплата до 30.07.2021г.;Наименование товаров, работ, услуг;;Классификация по ОКПД2;Удалить;Только позиции с неуказанным полем ОКПД2;;
https://zakupki.gov.ru/223/contract/public/contract/view/subject-contract.html?style44=false&id=10530535;;Информация о договоре;Информация о предмете договора;Изменения;Журнал событий;Цена договора;820 200,00;Валюта;Российский рубль;Дата начала исполнения договора;10.08.2020;Условие начала исполнения договора;Поставка Товара по 31.03.2021г. Договор вступает в силу с момента подписания его Сторонами и действует до полного исполнения Сторонами своих обязательств по настоящему Договору.;Дата окончания исполнения договора;31.05.2021;Условие окончания исполнения договора;Поставка Товара по 31.03.2021г. Договор вступает в силу с момента подписания его Сторонами и действует до полного исполнения Сторонами своих обязательств по настоящему Договору.;Наименование товаров, работ, услуг;;Классификация по ОКПД2;Удалить;Только позиции с неуказанным полем ОКПД2;;
https://zakupki.gov.ru/223/contract/public/contract/view/subject-contract.html?style44=false&id=10339321;;Информация о договоре;Информация о предмете договора;Изменения;Журнал событий;Цена договора;1 899 999,98;Валюта;Российский рубль;Дата начала исполнения договора;18.12.2020;Условие начала исполнения договора;-;Дата окончания исполнения договора;31.01.2021;Условие окончания исполнения договора;-;Наименование товаров, работ, услуг;;Классификация по ОКПД2;Удалить;Только позиции с неуказанным полем ОКПД2;;
https://zakupki.gov.ru/223/contract/public/contract/view/subject-contract.html?style44=false&id=10415226;;Информация о договоре;Информация о предмете договора;Изменения;Журнал событий;Цена договора;1 320 200,00;Валюта;Российский рубль;Дата начала исполнения договора;26.12.2020;Условие начала исполнения договора;-;Дата окончания исполнения договора;24.01.2022;Условие окончания исполнения договора;-;Наименование товаров, работ, услуг;;Классификация по ОКПД2;Удалить;Только позиции с неуказанным полем ОКПД2;;
https://zakupki.gov.ru/223/contract/public/contract/view/subject-contract.html?style44=false&id=10070533;;Информация о договоре;Информация о предмете договора;Изменения;Журнал событий;Цена договора;239 359,69;Валюта;Российский рубль;Дата начала исполнения договора;11.11.2020;Условие начала исполнения договора;-;Дата окончания исполнения договора;31.01.2021;Условие окончания исполнения договора;-;Наименование товаров, работ, услуг;;Классификация по ОКПД2;Удалить;Только позиции с неуказанным полем ОКПД2;;
https://zakupki.gov.ru/223/contract/public/contract/view/subject-contract.html?style44=false&id=10384523;;Информация о договоре;Информация о предмете договора;Изменения;Журнал событий;Цена договора;90 000,00;Валюта;Российский рубль;Дата начала исполнения договора;24.12.2020;Условие начала исполнения договора;Заключение договора;Дата окончания исполнения договора;31.12.2021;Условие окончания исполнения договора;Полное исполнение сторонами своих обязательств по договору;Наименование товаров, работ, услуг;;Классификация по ОКПД2;Удалить;Только позиции с неуказанным полем ОКПД2;;
https://zakupki.gov.ru/223/contract/public/contract/view/subject-contract.html?style44=false&id=10078253;;Информация о договоре;Информация о предмете договора;Изменения;Журнал событий;Цена договора;2 246 400,00;Валюта;Российский рубль;Дата начала исполнения договора;13.11.2020;Условие начала исполнения договора;-;Дата окончания исполнения договора;-;Условие окончания исполнения договора;до полного исполнения обязательств по договору;Наименование товаров, работ, услуг;;Классификация по ОКПД2;Удалить;Только позиции с неуказанным полем ОКПД2;;
https://zakupki.gov.ru/223/contract/public/contract/view/subject-contract.html?style44=false&id=10045756;;Информация о договоре;Информация о предмете договора;Изменения;Журнал событий;Цена договора;198 000,00;Валюта;Российский рубль;Дата начала исполнения договора;07.09.2020;Условие начала исполнения договора;-;Дата окончания исполнения договора;31.01.2021;Условие окончания исполнения договора;-;Наименование товаров, работ, услуг;;Классификация по ОКПД2;Удалить;Только позиции с неуказанным полем ОКПД2;;
https://zakupki.gov.ru/223/contract/public/contract/view/subject-contract.html?style44=false&id=8624335;;Информация о договоре;Информация о предмете договора;Изменения;Журнал событий;Цена договора;65 000,00;Валюта;Российский рубль;Дата начала исполнения договора;18.02.2020;Условие начала исполнения договора;-;Дата окончания исполнения договора;31.12.2020;Условие окончания исполнения договора;-;Наименование товаров, работ, услуг;;Классификация по ОКПД2;Удалить;Только позиции с неуказанным полем ОКПД2;;
https://zakupki.gov.ru/223/contract/public/contract/view/subject-contract.html?style44=false&id=10277869;;Информация о договоре;Информация о предмете договора;Изменения;Журнал событий;Цена договора;780 160,00;Валюта;Российский рубль;Дата начала исполнения договора;14.12.2020;Условие начала исполнения договора;с момента заключения договора и действует по 28 февраля 2022 года включительно;Дата окончания исполнения договора;28.02.2022;Условие окончания исполнения договора;с момента заключения договора и действует по 28 февраля 2022 года включительно;Наименование товаров, работ, услуг;;Классификация по ОКПД2;Удалить;Только позиции с неуказанным полем ОКПД2;;
https://zakupki.gov.ru/223/contract/public/contract/view/subject-contract.html?style44=false&id=10044752;;Информация о договоре;Информация о предмете договора;Изменения;Журнал событий;Цена договора;867 856,00;Валюта;Российский рубль;Дата начала исполнения договора;05.11.2020;Условие начала исполнения договора;-;Дата окончания исполнения договора;31.12.2020;Условие окончания исполнения договора;-;Наименование товаров, работ, услуг;;Классификация по ОКПД2;Удалить;Только позиции с неуказанным полем ОКПД2;;
https://zakupki.gov.ru/223/contract/public/contract/view/subject-contract.html?style44=false&id=10136017;;Информация о договоре;Информация о предмете договора;Изменения;Журнал событий;Цена договора;1 676 475,20;Валюта;Российский рубль;Дата начала исполнения договора;17.11.2020;Условие начала исполнения договора;-;Дата окончания исполнения договора;31.01.2021;Условие окончания исполнения договора;-;Наименование товаров, работ, услуг;;Классификация по ОКПД2;Удалить;Только позиции с неуказанным полем ОКПД2;;
https://zakupki.gov.ru/223/contract/public/contract/view/subject-contract.html?style44=false&id=10035286;;Информация о договоре;Информация о предмете договора;Изменения;Журнал событий;Цена договора;2 293 953,00;Валюта;Российский рубль;Дата начала исполнения договора;10.07.2020;Условие начала исполнения договора;с даты заключения договора;Дата окончания исполнения договора;28.01.2021;Условие окончания исполнения договора;до полного исполнения;Наименование товаров, работ, услуг;;Классификация по ОКПД2;Удалить;Только позиции с неуказанным полем ОКПД2;;
https://zakupki.gov.ru/223/contract/public/contract/view/subject-contract.html?style44=false&id=6953110;;Информация о договоре;Информация о предмете договора;Изменения;Журнал событий;Цена договора;1 731 833,33;Валюта;Российский рубль;Дата начала исполнения договора;21.05.2019;Условие начала исполнения договора;-;Дата окончания исполнения договора;31.12.2019;Условие окончания исполнения договора;-;Наименование товаров, работ, услуг;;Классификация по ОКПД2;Удалить;Только позиции с неуказанным полем ОКПД2;;
https://zakupki.gov.ru/223/contract/public/contract/view/subject-contract.html?style44=false&id=9912894;;Информация о договоре;Информация о предмете договора;Изменения;Журнал событий;Цена договора;219 030,00;Валюта;Российский рубль;Дата начала исполнения договора;14.10.2020;Условие начала исполнения договора;с момента заключения договора и действует по 31 декабря 2020 года включительно;Дата окончания исполнения договора;31.12.2020;Условие окончания исполнения договора;с момента заключения договора и действует по 31 декабря 2020 года включительно;Наименование товаров, работ, услуг;;Классификация по ОКПД2;Удалить;Только позиции с неуказанным полем ОКПД2;;
https://zakupki.gov.ru/223/contract/public/contract/view/subject-contract.html?style44=false&id=9904526;;Информация о договоре;Информация о предмете договора;Изменения;Журнал событий;Цена договора;170 000,00;Валюта;Российский рубль;Дата начала исполнения договора;09.10.2020;Условие начала исполнения договора;-;Дата окончания исполнения договора;-;Условие окончания исполнения договора;до полного исполнения обязательств по договору;Наименование товаров, работ, услуг;;Классификация по ОКПД2;Удалить;Только позиции с неуказанным полем ОКПД2;;
https://zakupki.gov.ru/223/contract/public/contract/view/subject-contract.html?style44=false&id=9861193;;Информация о договоре;Информация о предмете договора;Изменения;Журнал событий;Цена договора;168 000,00;Валюта;Российский рубль;Дата начала исполнения договора;01.09.2020;Условие начала исполнения договора;-;Дата окончания исполнения договора;15.10.2020;Условие окончания исполнения договора;-;Наименование товаров, работ, услуг;;Классификация по ОКПД2;Удалить;Только позиции с неуказанным полем ОКПД2;;
https://zakupki.gov.ru/223/contract/public/contract/view/subject-contract.html?style44=false&id=8705594;;Информация о договоре;Информация о предмете договора;Изменения;Журнал событий;Цена договора;36 335,00;Валюта;Российский рубль;Дата начала исполнения договора;02.03.2020;Условие начала исполнения договора;-;Дата окончания исполнения договора;31.12.2020;Условие окончания исполнения договора;-;Наименование товаров, работ, услуг;;Классификация по ОКПД2;Удалить;Только позиции с неуказанным полем ОКПД2;;
https://zakupki.gov.ru/223/contract/public/contract/view/subject-contract.html?style44=false&id=9837788;;Информация о договоре;Информация о предмете договора;Изменения;Журнал событий;Цена договора;3 883 333,33;Валюта;Российский рубль;Дата начала исполнения договора;30.09.2019;Условие начала исполнения договора;-;Дата окончания исполнения договора;30.06.2021;Условие окончания исполнения договора;-;Наименование товаров, работ, услуг;;Классификация по ОКПД2;Удалить;Только позиции с неуказанным полем ОКПД2;;
https://zakupki.gov.ru/223/contract/public/contract/view/subject-contract.html?style44=false&id=9734104;;Информация о договоре;Информация о предмете договора;Изменения;Журнал событий;Цена договора;445 194,36;Валюта;Российский рубль;Дата начала исполнения договора;08.09.2020;Условие начала исполнения договора;-;Дата окончания исполнения договора;31.12.2020;Условие окончания исполнения договора;-;Наименование товаров, работ, услуг;;Классификация по ОКПД2;Удалить;Только позиции с неуказанным полем ОКПД2;;
https://zakupki.gov.ru/223/contract/public/contract/view/subject-contract.html?style44=false&id=8895826;;Информация о договоре;Информация о предмете договора;Изменения;Журнал событий;Цена договора;242 000,00;Валюта;Российский рубль;Дата начала исполнения договора;18.11.2019;Условие начала исполнения договора;-;Дата окончания исполнения договора;31.01.2021;Условие окончания исполнения договора;-;Наименование товаров, работ, услуг;;Классификация по ОКПД2;Удалить;Только позиции с неуказанным полем ОКПД2;;
https://zakupki.gov.ru/223/contract/public/contract/view/subject-contract.html?style44=false&id=9597981;;Информация о договоре;Информация о предмете договора;Изменения;Журнал событий;Цена договора;653 743,80;Валюта;Российский рубль;Дата начала исполнения договора;01.04.2020;Условие начала исполнения договора;-;Дата окончания исполнения договора;31.12.2020;Условие окончания исполнения договора;-;Наименование товаров, работ, услуг;;Классификация по ОКПД2;Удалить;Только позиции с неуказанным полем ОКПД2;;
https://zakupki.gov.ru/223/contract/public/contract/view/subject-contract.html?style44=false&id=9514783;;Информация о договоре;Информация о предмете договора;Изменения;Журнал событий;Цена договора;559 000,00;Валюта;Российский рубль;Дата начала исполнения договора;23.09.2019;Условие начала исполнения договора;Поставка Товара по 31.12..2020г. Договор вступает в силу с момента подписания его Сторонами и действует до полного исполнения Сторонами своих обязательств по настоящему Договору.;Дата окончания исполнения договора;31.01.2021;Условие окончания исполнения договора;Поставка Товара по 31.12.2020г. Договор вступает в силу с момента подписания его Сторонами и действует до полного исполнения Сторонами своих обязательств по настоящему Договору.;Наименование товаров, работ, услуг;;Классификация по ОКПД2;Удалить;Только позиции с неуказанным полем ОКПД2;;
https://zakupki.gov.ru/223/contract/public/contract/view/subject-contract.html?style44=false&id=9405607;;Информация о договоре;Информация о предмете договора;Изменения;Журнал событий;Цена договора;1 200 000,00;Валюта;Российский рубль;Дата начала исполнения договора;10.07.2020;Условие начала исполнения договора;с даты заключения договора;Дата окончания исполнения договора;28.01.2021;Условие окончания исполнения договора;до полного исполнения;Наименование товаров, работ, услуг;;Классификация по ОКПД2;Удалить;Только позиции с неуказанным полем ОКПД2;;
https://zakupki.gov.ru/223/contract/public/contract/view/subject-contract.html?style44=false&id=9405553;;Информация о договоре;Информация о предмете договора;Изменения;Журнал событий;Цена договора;950 000,00;Валюта;Российский рубль;Дата начала исполнения договора;10.07.2020;Условие начала исполнения договора;с даты заключения договора;Дата окончания исполнения договора;28.01.2021;Условие окончания исполнения договора;до полного исполнения;Наименование товаров, работ, услуг;;Классификация по ОКПД2;Удалить;Только позиции с неуказанным полем ОКПД2;;
https://zakupki.gov.ru/223/contract/public/contract/view/subject-contract.html?style44=false&id=9405482;;Информация о договоре;Информация о предмете договора;Изменения;Журнал событий;Цена договора;450 000,00;Валюта;Российский рубль;Дата начала исполнения договора;10.07.2020;Условие начала исполнения договора;с даты заключения договора;Дата окончания исполнения договора;28.01.2021;Условие окончания исполнения договора;до полного исполнения;Наименование товаров, работ, услуг;;Классификация по ОКПД2;Удалить;Только позиции с неуказанным полем ОКПД2;;
https://zakupki.gov.ru/223/contract/public/contract/view/subject-contract.html?style44=false&id=9405429;;Информация о договоре;Информация о предмете договора;Изменения;Журнал событий;Цена договора;450 000,00;Валюта;Российский рубль;Дата начала исполнения договора;10.07.2020;Условие начала исполнения договора;с даты заключения договора;Дата окончания исполнения договора;28.01.2021;Условие окончания исполнения договора;до полного исполнения;Наименование товаров, работ, услуг;;Классификация по ОКПД2;Удалить;Только позиции с неуказанным полем ОКПД2;;
https://zakupki.gov.ru/223/contract/public/contract/view/subject-contract.html?style44=false&id=8907837;;Информация о договоре;Информация о предмете договора;Изменения;Журнал событий;Цена договора;140 000,00;Валюта;Российский рубль;Дата начала исполнения договора;06.04.2020;Условие начала исполнения договора;-;Дата окончания исполнения договора;-;Условие окончания исполнения договора;до полного исполнения обязательств по договору;Наименование товаров, работ, услуг;;Классификация по ОКПД2;Удалить;Только позиции с неуказанным полем ОКПД2;;
https://zakupki.gov.ru/223/contract/public/contract/view/subject-contract.html?style44=false&id=8827975;;Информация о договоре;Информация о предмете договора;Изменения;Журнал событий;Цена договора;663 444,00;Валюта;Российский рубль;Дата начала исполнения договора;23.03.2020;Условие начала исполнения договора;-;Дата окончания исполнения договора;13.04.2021;Условие окончания исполнения договора;-;Наименование товаров, работ, услуг;;Классификация по ОКПД2;Удалить;Только позиции с неуказанным полем ОКПД2;;
https://zakupki.gov.ru/223/contract/public/contract/view/subject-contract.html?style44=false&id=7223276;;Информация о договоре;Информация о предмете договора;Изменения;Журнал событий;Цена договора;280 800,00;Валюта;Российский рубль;Дата начала исполнения договора;05.07.2019;Условие начала исполнения договора;-;Дата окончания исполнения договора;30.01.2020;Условие окончания исполнения договора;Поставка до 31.12.2019 Оплата по факту поступления товара и подписания товарной накладной обеими сторонами до 30 числа месяца, следующего за отчётным.;Наименование товаров, работ, услуг;;Классификация по ОКПД2;Удалить;Только позиции с неуказанным полем ОКПД2;;
https://zakupki.gov.ru/223/contract/public/contract/view/subject-contract.html?style44=false&id=7125436;;Информация о договоре;Информация о предмете договора;Изменения;Журнал событий;Цена договора;16 000,00;Валюта;Российский рубль;Дата начала исполнения договора;20.06.2019;Условие начала исполнения договора;-;Дата окончания исполнения договора;31.12.2019;Условие окончания исполнения договора;-;Наименование товаров, работ, услуг;;Классификация по ОКПД2;Удалить;Только позиции с неуказанным полем ОКПД2;;
https://zakupki.gov.ru/223/contract/public/contract/view/subject-contract.html?style44=false&id=2799963;;Информация о договоре;Информация о поставщиках;Информация о предмете договора;Изменения;Журнал событий;Цена договора;1 389 728,34;Валюта;Российский рубль;Дата начала исполнения договора;25.01.2017;Условие начала исполнения договора;-;Дата окончания исполнения договора;-;Условие окончания исполнения договора;до полного исполнения сторонами своих обязательств;Наименование товаров, работ, услуг;;Классификация по ОКПД2;Удалить;Только позиции с неуказанным полем ОКПД2;;
https://zakupki.gov.ru/223/contract/public/contract/view/subject-contract.html?style44=false&id=8210255;;Информация о договоре;Информация о предмете договора;Изменения;Журнал событий;Цена договора;429 462,00;Валюта;Российский рубль;Дата начала исполнения договора;20.01.2019;Условие начала исполнения договора;-;Дата окончания исполнения договора;29.02.2020;Условие окончания исполнения договора;-;Наименование товаров, работ, услуг;;Классификация по ОКПД2;Удалить;Только позиции с неуказанным полем ОКПД2;;
https://zakupki.gov.ru/223/contract/public/contract/view/subject-contract.html?style44=false&id=6111897;;Информация о договоре;Информация о предмете договора;Изменения;Журнал событий;Цена договора;26 200,00;Валюта;Российский рубль;Дата начала исполнения договора;01.01.2019;Условие начала исполнения договора;-;Дата окончания исполнения договора;31.12.2019;Условие окончания исполнения договора;-;Наименование товаров, работ, услуг;;Классификация по ОКПД2;Удалить;Только позиции с неуказанным полем ОКПД2;;
https://zakupki.gov.ru/223/contract/public/contract/view/subject-contract.html?style44=false&id=8079107;;Информация о договоре;Информация о предмете договора;Изменения;Журнал событий;Цена договора;814 691,52;Валюта;Российский рубль;Дата начала исполнения договора;02.12.2019;Условие начала исполнения договора;-;Дата окончания исполнения договора;31.12.2020;Условие окончания исполнения договора;-;Наименование товаров, работ, услуг;;Классификация по ОКПД2;Удалить;Только позиции с неуказанным полем ОКПД2;;
https://zakupki.gov.ru/223/contract/public/contract/view/subject-contract.html?style44=false&id=7420539;;Информация о договоре;Информация о предмете договора;Изменения;Журнал событий;Цена договора;1 200 000,00;Валюта;Российский рубль;Дата начала исполнения договора;08.08.2019;Условие начала исполнения договора;-;Дата окончания исполнения договора;30.10.2019;Условие окончания исполнения договора;-;Наименование товаров, работ, услуг;;Классификация по ОКПД2;Удалить;Только позиции с неуказанным полем ОКПД2;;
https://zakupki.gov.ru/223/contract/public/contract/view/subject-contract.html?style44=false&id=7241892;;Информация о договоре;Информация о предмете договора;Изменения;Журнал событий;Цена договора;500 000,00;Валюта;Российский рубль;Дата начала исполнения договора;05.07.2019;Условие начала исполнения договора;-;Дата окончания исполнения договора;31.12.2019;Условие окончания исполнения договора;-;Наименование товаров, работ, услуг;;Классификация по ОКПД2;Удалить;Только позиции с неуказанным полем ОКПД2;;
https://zakupki.gov.ru/223/contract/public/contract/view/subject-contract.html?style44=false&id=6479126;;Информация о договоре;Информация о предмете договора;Изменения;Журнал событий;Цена договора;601 614,00;Валюта;Российский рубль;Дата начала исполнения договора;17.07.2017;Условие начала исполнения договора;-;Дата окончания исполнения договора;-;Условие окончания исполнения договора;До полного исполнения сторонами своих обязательств;Наименование товаров, работ, услуг;;Классификация по ОКПД2;Удалить;Только позиции с неуказанным полем ОКПД2;;
https://zakupki.gov.ru/223/contract/public/contract/view/subject-contract.html?style44=false&id=6412237;;Информация о договоре;Информация о предмете договора;Изменения;Журнал событий;Цена договора;300 000,00;Валюта;Российский рубль;Дата начала исполнения договора;12.02.2019;Условие начала исполнения договора;-;Дата окончания исполнения договора;31.12.2019;Условие окончания исполнения договора;-;Наименование товаров, работ, услуг;;Классификация по ОКПД2;Удалить;Только позиции с неуказанным полем ОКПД2;;
https://zakupki.gov.ru/223/contract/public/contract/view/subject-contract.html?style44=false&id=6396071;;Информация о договоре;Информация о предмете договора;Изменения;Журнал событий;Цена договора;3 883 333,33;Валюта;Российский рубль;Дата начала исполнения договора;29.05.2018;Условие начала исполнения договора;-;Дата окончания исполнения договора;31.12.2019;Условие окончания исполнения договора;-;Наименование товаров, работ, услуг;;Классификация по ОКПД2;Удалить;Только позиции с неуказанным полем ОКПД2;;
https://zakupki.gov.ru/223/contract/public/contract/view/subject-contract.html?style44=false&id=4334967;;Информация о договоре;Информация о поставщиках;Информация о предмете договора;Изменения;Журнал событий;Цена договора;285 725,16;Валюта;Российский рубль;Дата начала исполнения договора;15.01.2018;Условие начала исполнения договора;-;Дата окончания исполнения договора;-;Условие окончания исполнения договора;до полного исполнения сторонами своих обязательств;Наименование товаров, работ, услуг;;Классификация по ОКПД2;Удалить;Только позиции с неуказанным полем ОКПД2;;
https://zakupki.gov.ru/223/contract/public/contract/view/subject-contract.html?style44=false&id=4336045;;Информация о договоре;Информация о поставщиках;Информация о предмете договора;Изменения;Журнал событий;Цена договора;164 374,00;Валюта;Российский рубль;Дата начала исполнения договора;15.01.2018;Условие начала исполнения договора;-;Дата окончания исполнения договора;-;Условие окончания исполнения договора;до полного исполнения сторонами своих обязательств;Наименование товаров, работ, услуг;;Классификация по ОКПД2;Удалить;Только позиции с неуказанным полем ОКПД2;;
https://zakupki.gov.ru/223/contract/public/contract/view/subject-contract.html?style44=false&id=4331767;;Информация о договоре;Информация о поставщиках;Информация о предмете договора;Изменения;Журнал событий;Цена договора;348 800,00;Валюта;Российский рубль;Дата начала исполнения договора;15.01.2018;Условие начала исполнения договора;-;Дата окончания исполнения договора;-;Условие окончания исполнения договора;до полного исполнения сторонами своих обязательств;Наименование товаров, работ, услуг;;Классификация по ОКПД2;Удалить;Только позиции с неуказанным полем ОКПД2;;
https://zakupki.gov.ru/223/contract/public/contract/view/subject-contract.html?style44=false&id=6216903;;Информация о договоре;Информация о предмете договора;Изменения;Журнал событий;Цена договора;975 000,15;Валюта;Российский рубль;Дата начала исполнения договора;10.01.2019;Условие начала исполнения договора;-;Дата окончания исполнения договора;31.03.2020;Условие окончания исполнения договора;-;Наименование товаров, работ, услуг;;Классификация по ОКПД2;Удалить;Только позиции с неуказанным полем ОКПД2;;
https://zakupki.gov.ru/223/contract/public/contract/view/subject-contract.html?style44=false&id=6194336;;Информация о договоре;Информация о предмете договора;Изменения;Журнал событий;Цена договора;708 750,00;Валюта;Российский рубль;Дата начала исполнения договора;09.01.2019;Условие начала исполнения договора;-;Дата окончания исполнения договора;-;Условие окончания исполнения договора;До полного исполнения Сторонами обязательств;Наименование товаров, работ, услуг;;Классификация по ОКПД2;Удалить;Только позиции с неуказанным полем ОКПД2;;
https://zakupki.gov.ru/223/contract/public/contract/view/subject-contract.html?style44=false&id=6170984;;Информация о договоре;Информация о предмете договора;Изменения;Журнал событий;Цена договора;1 457 760,00;Валюта;Российский рубль;Дата начала исполнения договора;01.01.2019;Условие начала исполнения договора;-;Дата окончания исполнения договора;31.12.2019;Условие окончания исполнения договора;-;Наименование товаров, работ, услуг;;Классификация по ОКПД2;Удалить;Только позиции с неуказанным полем ОКПД2;;
https://zakupki.gov.ru/223/contract/public/contract/view/subject-contract.html?style44=false&id=5236418;;Информация о договоре;Информация о предмете договора;Изменения;Журнал событий;Цена договора;1 403 766,00;Валюта;Российский рубль;Дата начала исполнения договора;25.07.2018;Условие начала исполнения договора;-;Дата окончания исполнения договора;-;Условие окончания исполнения договора;До полного исполнения сторонами своих обязательств;Наименование товаров, работ, услуг;;Классификация по ОКПД2;Удалить;Только позиции с неуказанным полем ОКПД2;;
https://zakupki.gov.ru/223/contract/public/contract/view/subject-contract.html?style44=false&id=5878027;;Информация о договоре;Информация о предмете договора;Изменения;Журнал событий;Цена договора;220 000,00;Валюта;Российский рубль;Дата начала исполнения договора;23.11.2018;Условие начала исполнения договора;-;Дата окончания исполнения договора;31.08.2019;Условие окончания исполнения договора;-;Наименование товаров, работ, услуг;;Классификация по ОКПД2;Удалить;Только позиции с неуказанным полем ОКПД2;;
https://zakupki.gov.ru/223/contract/public/contract/view/subject-contract.html?style44=false&id=5789473;;Информация о договоре;Информация о предмете договора;Изменения;Журнал событий;Цена договора;8 282 162,73;Валюта;Российский рубль;Дата начала исполнения договора;01.01.2018;Условие начала исполнения договора;-;Дата окончания исполнения договора;31.12.2022;Условие окончания исполнения договора;-;Наименование товаров, работ, услуг;;Классификация по ОКПД2;Удалить;Только позиции с неуказанным полем ОКПД2;;
https://zakupki.gov.ru/223/contract/public/contract/view/subject-contract.html?style44=false&id=1778111;;Информация о договоре;Информация о поставщиках;Информация о предмете договора;Изменения;Журнал событий;Цена договора;291 032,00;Валюта;Российский рубль;Дата начала исполнения договора;16.06.2016;Условие начала исполнения договора;-;Дата окончания исполнения договора;30.11.2016;Условие окончания исполнения договора;-;Наименование товаров, работ, услуг;;Классификация по ОКПД2;Удалить;Только позиции с неуказанным полем ОКПД2;;
https://zakupki.gov.ru/223/contract/public/contract/view/subject-contract.html?style44=false&id=5372022;;Информация о договоре;Информация о предмете договора;Изменения;Журнал событий;Цена договора;4 776 000,00;Валюта;Российский рубль;Дата начала исполнения договора;28.08.2018;Условие начала исполнения договора;-;Дата окончания исполнения договора;31.08.2019;Условие окончания исполнения договора;-;Наименование товаров, работ, услуг;;Классификация по ОКПД2;Удалить;Только позиции с неуказанным полем ОКПД2;;
https://zakupki.gov.ru/223/contract/public/contract/view/subject-contract.html?style44=false&id=5212754;;Информация о договоре;Информация о предмете договора;Изменения;Журнал событий;Цена договора;154 999,95;Валюта;Российский рубль;Дата начала исполнения договора;20.07.2018;Условие начала исполнения договора;-;Дата окончания исполнения договора;31.12.2018;Условие окончания исполнения договора;-;Наименование товаров, работ, услуг;;Классификация по ОКПД2;Удалить;Только позиции с неуказанным полем ОКПД2;;
https://zakupki.gov.ru/223/contract/public/contract/view/subject-contract.html?style44=false&id=2721029;;Информация о договоре;Информация о поставщиках;Информация о предмете договора;Изменения;Журнал событий;Цена договора;2 179 861,20;Валюта;Российский рубль;Дата начала исполнения договора;01.02.2017;Условие начала исполнения договора;-;Дата окончания исполнения договора;20.04.2017;Условие окончания исполнения договора;-;Наименование товаров, работ, услуг;;Классификация по ОКПД2;Удалить;Только позиции с неуказанным полем ОКПД2;;
https://zakupki.gov.ru/223/contract/public/contract/view/subject-contract.html?style44=false&id=4482961;;Информация о договоре;Информация о поставщиках;Информация о предмете договора;Изменения;Журнал событий;Цена договора;390 372,54;Валюта;Российский рубль;Дата начала исполнения договора;22.02.2017;Условие начала исполнения договора;-;Дата окончания исполнения договора;-;Условие окончания исполнения договора;до полного исполнения сторонами своих обязательств;Наименование товаров, работ, услуг;;Классификация по ОКПД2;Удалить;Только позиции с неуказанным полем ОКПД2;;
https://zakupki.gov.ru/223/contract/public/contract/view/subject-contract.html?style44=false&id=4453156;;Информация о договоре;Информация о поставщиках;Информация о предмете договора;Изменения;Журнал событий;Цена договора;129 989,14;Валюта;Российский рубль;Дата начала исполнения договора;03.02.2017;Условие начала исполнения договора;-;Дата окончания исполнения договора;-;Условие окончания исполнения договора;до полного исполнения сторонами своих обязательств;Наименование товаров, работ, услуг;;Классификация по ОКПД2;Удалить;Только позиции с неуказанным полем ОКПД2;;
https://zakupki.gov.ru/223/contract/public/contract/view/subject-contract.html?style44=false&id=4449663;;Информация о договоре;Информация о поставщиках;Информация о предмете договора;Изменения;Журнал событий;Цена договора;65 537,07;Валюта;Российский рубль;Дата начала исполнения договора;11.01.2017;Условие начала исполнения договора;-;Дата окончания исполнения договора;-;Условие окончания исполнения договора;до полного исполнения сторонами своих обязательств;Наименование товаров, работ, услуг;;Классификация по ОКПД2;Удалить;Только позиции с неуказанным полем ОКПД2;;
https://zakupki.gov.ru/223/contract/public/contract/view/subject-contract.html?style44=false&id=4449483;;Информация о договоре;Информация о поставщиках;Информация о предмете договора;Изменения;Журнал событий;Цена договора;46 335,77;Валюта;Российский рубль;Дата начала исполнения договора;06.04.2017;Условие начала исполнения договора;-;Дата окончания исполнения договора;-;Условие окончания исполнения договора;до полного исполнения сторонами своих обязательств;Наименование товаров, работ, услуг;;Классификация по ОКПД2;Удалить;Только позиции с неуказанным полем ОКПД2;;
https://zakupki.gov.ru/223/contract/public/contract/view/subject-contract.html?style44=false&id=4324304;;Информация о договоре;Информация о поставщиках;Информация о предмете договора;Изменения;Журнал событий;Цена договора;1 229 520,60;Валюта;Российский рубль;Дата начала исполнения договора;12.01.2018;Условие начала исполнения договора;-;Дата окончания исполнения договора;-;Условие окончания исполнения договора;до полного исполнения сторонами своих обязательств;Наименование товаров, работ, услуг;;Классификация по ОКПД2;Удалить;Только позиции с неуказанным полем ОКПД2;;
https://zakupki.gov.ru/223/contract/public/contract/view/subject-contract.html?style44=false&id=2596545;;Информация о договоре;Информация о поставщиках;Информация о предмете договора;Изменения;Журнал событий;Цена договора;2 142 000,00;Валюта;Российский рубль;Дата начала исполнения договора;01.01.2017;Условие начала исполнения договора;заявки заказчика;Дата окончания исполнения договора;31.12.2017;Условие окончания исполнения договора;исполнение договора;Наименование товаров, работ, услуг;;Классификация по ОКПД2;Удалить;Только позиции с неуказанным полем ОКПД2;;
https://zakupki.gov.ru/223/contract/public/contract/view/subject-contract.html?style44=false&id=4174410;;Информация о договоре;Информация о поставщиках;Информация о предмете договора;Изменения;Журнал событий;Цена договора;297 505,25;Валюта;Российский рубль;Дата начала исполнения договора;21.12.2017;Условие начала исполнения договора;-;Дата окончания исполнения договора;31.12.2018;Условие окончания исполнения договора;-;Наименование товаров, работ, услуг;;Классификация по ОКПД2;Удалить;Только позиции с неуказанным полем ОКПД2;;
https://zakupki.gov.ru/223/contract/public/contract/view/subject-contract.html?style44=false&id=2660694;;Информация о договоре;Информация о поставщиках;Информация о предмете договора;Изменения;Журнал событий;Цена договора;340 000,00;Валюта;Российский рубль;Дата начала исполнения договора;01.01.2017;Условие начала исполнения договора;-;Дата окончания исполнения договора;30.01.2018;Условие окончания исполнения договора;-;Наименование товаров, работ, услуг;;Классификация по ОКПД2;Удалить;Только позиции с неуказанным полем ОКПД2;;
https://zakupki.gov.ru/223/contract/public/contract/view/subject-contract.html?style44=false&id=3817063;;Информация о договоре;Информация о поставщиках;Информация о предмете договора;Изменения;Журнал событий;Цена договора;42 750,00;Валюта;Российский рубль;Дата начала исполнения договора;05.10.2017;Условие начала исполнения договора;подписание договора обеими сторонами;Дата окончания исполнения договора;31.12.2017;Условие окончания исполнения договора;исполнение условий договора обеими сторонами;Наименование товаров, работ, услуг;;Классификация по ОКПД2;Удалить;Только позиции с неуказанным полем ОКПД2;;
https://zakupki.gov.ru/223/contract/public/contract/view/subject-contract.html?style44=false&id=3589019;;Информация о договоре;Информация о поставщиках;Информация о предмете договора;Изменения;Журнал событий;Цена договора;3 640 000,00;Валюта;Российский рубль;Дата начала исполнения договора;08.08.2017;Условие начала исполнения договора;-;Дата окончания исполнения договора;08.08.2017;Условие окончания исполнения договора;-;Наименование товаров, работ, услуг;;Классификация по ОКПД2;Удалить;Только позиции с неуказанным полем ОКПД2;;
https://zakupki.gov.ru/223/contract/public/contract/view/subject-contract.html?style44=false&id=2721262;;Информация о договоре;Информация о поставщиках;Информация о предмете договора;Изменения;Журнал событий;Цена договора;80 927,94;Валюта;Российский рубль;Дата начала исполнения договора;01.02.2017;Условие начала исполнения договора;-;Дата окончания исполнения договора;20.04.2017;Условие окончания исполнения договора;-;Наименование товаров, работ, услуг;;Классификация по ОКПД2;Удалить;Только позиции с неуказанным полем ОКПД2;;
https://zakupki.gov.ru/223/contract/public/contract/view/subject-contract.html?style44=false&id=3226505;;Информация о договоре;Информация о поставщиках;Информация о предмете договора;Изменения;Журнал событий;Цена договора;49 975,36;Валюта;Российский рубль;Дата начала исполнения договора;01.02.2017;Условие начала исполнения договора;-;Дата окончания исполнения договора;20.04.2017;Условие окончания исполнения договора;-;Наименование товаров, работ, услуг;;Классификация по ОКПД2;Удалить;Только позиции с неуказанным полем ОКПД2;;
https://zakupki.gov.ru/223/contract/public/contract/view/subject-contract.html?style44=false&id=3509666;;Информация о договоре;Информация о поставщиках;Информация о предмете договора;Изменения;Журнал событий;Цена договора;700 000,00;Валюта;Российский рубль;Дата начала исполнения договора;18.07.2017;Условие начала исполнения договора;-;Дата окончания исполнения договора;15.10.2017;Условие окончания исполнения договора;-;Наименование товаров, работ, услуг;;Классификация по ОКПД2;Удалить;Только позиции с неуказанным полем ОКПД2;;
https://zakupki.gov.ru/223/contract/public/contract/view/subject-contract.html?style44=false&id=2286323;;Информация о договоре;Информация о поставщиках;Информация о предмете договора;Изменения;Журнал событий;Цена договора;613 857,24;Валюта;Российский рубль;Дата начала исполнения договора;01.02.2017;Условие начала исполнения договора;-;Дата окончания исполнения договора;21.04.2017;Условие окончания исполнения договора;-;Наименование товаров, работ, услуг;;Классификация по ОКПД2;Удалить;Только позиции с неуказанным полем ОКПД2;;
https://zakupki.gov.ru/223/contract/public/contract/view/subject-contract.html?style44=false&id=2269683;;Информация о договоре;Информация о поставщиках;Информация о предмете договора;Изменения;Журнал событий;Цена договора;647 712,62;Валюта;Российский рубль;Дата начала исполнения договора;01.03.2017;Условие начала исполнения договора;-;Дата окончания исполнения договора;20.03.2017;Условие окончания исполнения договора;-;Наименование товаров, работ, услуг;;Классификация по ОКПД2;Удалить;Только позиции с неуказанным полем ОКПД2;;
https://zakupki.gov.ru/223/contract/public/contract/view/subject-contract.html?style44=false&id=3325548;;Информация о договоре;Информация о поставщиках;Информация о предмете договора;Изменения;Журнал событий;Цена договора;10 500,00;Валюта;Российский рубль;Дата начала исполнения договора;05.06.2017;Условие начала исполнения договора;-;Дата окончания исполнения договора;03.08.2017;Условие окончания исполнения договора;-;Наименование товаров, работ, услуг;;Классификация по ОКПД2;Удалить;Только позиции с неуказанным полем ОКПД2;;
https://zakupki.gov.ru/223/contract/public/contract/view/subject-contract.html?style44=false&id=3320048;;Информация о договоре;Информация о поставщиках;Информация о предмете договора;Изменения;Журнал событий;Цена договора;1 327 827,08;Валюта;Российский рубль;Дата начала исполнения договора;02.06.2017;Условие начала исполнения договора;-;Дата окончания исполнения договора;15.09.2017;Условие окончания исполнения договора;-;Наименование товаров, работ, услуг;;Классификация по ОКПД2;Удалить;Только позиции с неуказанным полем ОКПД2;;
https://zakupki.gov.ru/223/contract/public/contract/view/subject-contract.html?style44=false&id=3282822;;Информация о договоре;Информация о поставщиках;Информация о предмете договора;Изменения;Журнал событий;Цена договора;449 000,00;Валюта;Российский рубль;Дата начала исполнения договора;01.07.2017;Условие начала исполнения договора;-;Дата окончания исполнения договора;30.09.2017;Условие окончания исполнения договора;-;Наименование товаров, работ, услуг;;Классификация по ОКПД2;Удалить;Только позиции с неуказанным полем ОКПД2;;
https://zakupki.gov.ru/223/contract/public/contract/view/subject-contract.html?style44=false&id=2830840;;Информация о договоре;Информация о поставщиках;Информация о предмете договора;Изменения;Журнал событий;Цена договора;2 400 000,00;Валюта;Российский рубль;Дата начала исполнения договора;02.02.2017;Условие начала исполнения договора;-;Дата окончания исполнения договора;31.08.2017;Условие окончания исполнения договора;-;Наименование товаров, работ, услуг;;Классификация по ОКПД2;Удалить;Только позиции с неуказанным полем ОКПД2;;
https://zakupki.gov.ru/223/contract/public/contract/view/subject-contract.html?style44=false&id=2680861;;Информация о договоре;Информация о поставщиках;Информация о предмете договора;Изменения;Журнал событий;Цена договора;300 000,00;Валюта;Российский рубль;Дата начала исполнения договора;01.01.2017;Условие начала исполнения договора;-;Дата окончания исполнения договора;10.01.2018;Условие окончания исполнения договора;-;Наименование товаров, работ, услуг;;Классификация по ОКПД2;Удалить;Только позиции с неуказанным полем ОКПД2;;
https://zakupki.gov.ru/223/contract/public/contract/view/subject-contract.html?style44=false&id=1134393;;Информация о договоре;Информация о поставщиках;Информация о предмете договора;Изменения;Журнал событий;Цена договора;2 142 000,00;Валюта;Российский рубль;Дата начала исполнения договора;01.01.2016;Условие начала исполнения договора;-;Дата окончания исполнения договора;31.12.2016;Условие окончания исполнения договора;-;Наименование товаров, работ, услуг;;Классификация по ОКПД2;Удалить;Только позиции с неуказанным полем ОКПД2;;
https://zakupki.gov.ru/223/contract/public/contract/view/subject-contract.html?style44=false&id=2405162;;Информация о договоре;Информация о поставщиках;Информация о предмете договора;Изменения;Журнал событий;Цена договора;214 000,00;Валюта;Российский рубль;Дата начала исполнения договора;22.11.2016;Условие начала исполнения договора;-;Дата окончания исполнения договора;31.12.2016;Условие окончания исполнения договора;-;Наименование товаров, работ, услуг;;Классификация по ОКПД2;Удалить;Только позиции с неуказанным полем ОКПД2;;
https://zakupki.gov.ru/223/contract/public/contract/view/subject-contract.html?style44=false&id=2380262;;Информация о договоре;Информация о поставщиках;Информация о предмете договора;Изменения;Журнал событий;Цена договора;617 500,00;Валюта;Российский рубль;Дата начала исполнения договора;18.11.2016;Условие начала исполнения договора;-;Дата окончания исполнения договора;31.12.2016;Условие окончания исполнения договора;-;Наименование товаров, работ, услуг;;Классификация по ОКПД2;Удалить;Только позиции с неуказанным полем ОКПД2;;
https://zakupki.gov.ru/223/contract/public/contract/view/subject-contract.html?style44=false&id=2148414;;Информация о договоре;Информация о поставщиках;Информация о предмете договора;Изменения;Журнал событий;Цена договора;3 850 000,00;Валюта;Российский рубль;Дата начала исполнения договора;20.09.2016;Условие начала исполнения договора;-;Дата окончания исполнения договора;26.02.2017;Условие окончания исполнения договора;-;Наименование товаров, работ, услуг;;Классификация по ОКПД2;Удалить;Только позиции с неуказанным полем ОКПД2;;
https://zakupki.gov.ru/223/contract/public/contract/view/subject-contract.html?style44=false&id=2126080;;Информация о договоре;Информация о поставщиках;Информация о предмете договора;Изменения;Журнал событий;Цена договора;0,00;Валюта;Российский рубль;Дата начала исполнения договора;12.09.2016;Условие начала исполнения договора;-;Дата окончания исполнения договора;31.12.2016;Условие окончания исполнения договора;-;Наименование товаров, работ, услуг;;Классификация по ОКПД2;Удалить;Только позиции с неуказанным полем ОКПД2;;
https://zakupki.gov.ru/223/contract/public/contract/view/subject-contract.html?style44=false&id=2051896;;Информация о договоре;Информация о поставщиках;Информация о предмете договора;Изменения;Журнал событий;Цена договора;1 993 458,00;Валюта;Российский рубль;Дата начала исполнения договора;20.10.2015;Условие начала исполнения договора;-;Дата окончания исполнения договора;31.03.2017;Условие окончания исполнения договора;-;Наименование товаров, работ, услуг;;Классификация по ОКПД2;Удалить;Только позиции с неуказанным полем ОКПД2;;
https://zakupki.gov.ru/223/contract/public/contract/view/subject-contract.html?style44=false&id=1877333;;Информация о договоре;Информация о поставщиках;Информация о предмете договора;Изменения;Журнал событий;Цена договора;303 712,00;Валюта;Российский рубль;Дата начала исполнения договора;18.04.2016;Условие начала исполнения договора;-;Дата окончания исполнения договора;18.07.2016;Условие окончания исполнения договора;-;Наименование товаров, работ, услуг;;Классификация по ОКПД2;Удалить;Только позиции с неуказанным полем ОКПД2;;
https://zakupki.gov.ru/223/contract/public/contract/view/subject-contract.html?style44=false&id=1611834;;Информация о договоре;Информация о поставщиках;Информация о предмете договора;Изменения;Журнал событий;Цена договора;303 712,00;Валюта;Российский рубль;Дата начала исполнения договора;18.04.2016;Условие начала исполнения договора;-;Дата окончания исполнения договора;31.05.2016;Условие окончания исполнения договора;-;Наименование товаров, работ, услуг;;Классификация по ОКПД2;Удалить;Только позиции с неуказанным полем ОКПД2;;
https://zakupki.gov.ru/223/contract/public/contract/view/subject-contract.html?style44=false&id=128532;;Информация о договоре;Информация о поставщиках;Информация о предмете договора;Изменения;Журнал событий;Цена договора;1 584 000,00;Валюта;Российский рубль;Дата начала исполнения договора;13.03.2015;Условие начала исполнения договора;-;Дата окончания исполнения договора;31.12.2015;Условие окончания исполнения договора;-;Наименование товаров, работ, услуг;;Классификация по ОКПД2;Удалить;Только позиции с неуказанным полем ОКПД2;;
https://zakupki.gov.ru/223/contract/public/contract/view/subject-contract.html?style44=false&id=1424418;;Информация о договоре;Информация о поставщиках;Информация о предмете договора;Изменения;Журнал событий;Цена договора;416 000,00;Валюта;Российский рубль;Дата начала исполнения договора;30.03.2015;Условие начала исполнения договора;-;Дата окончания исполнения договора;31.12.2015;Условие окончания исполнения договора;-;Наименование товаров, работ, услуг;;Классификация по ОКПД2;Удалить;Только позиции с неуказанным полем ОКПД2;;
https://zakupki.gov.ru/223/contract/public/contract/view/subject-contract.html?style44=false&id=310624;;Информация о договоре;Информация о поставщиках;Информация о предмете договора;Изменения;Журнал событий;Цена договора;354 840,00;Валюта;Российский рубль;Дата начала исполнения договора;28.01.2015;Условие начала исполнения договора;-;Дата окончания исполнения договора;31.12.2015;Условие окончания исполнения договора;-;Наименование товаров, работ, услуг;;Классификация по ОКПД2;Удалить;Только позиции с неуказанным полем ОКПД2;;
https://zakupki.gov.ru/223/contract/public/contract/view/subject-contract.html?style44=false&id=1201311;;Информация о договоре;Информация о поставщиках;Информация о предмете договора;Изменения;Журнал событий;Цена договора;112 500,00;Валюта;Российский рубль;Дата начала исполнения договора;01.12.2015;Условие начала исполнения договора;-;Дата окончания исполнения договора;31.12.2015;Условие окончания исполнения договора;-;Наименование товаров, работ, услуг;;Классификация по ОКПД2;Удалить;Только позиции с неуказанным полем ОКПД2;;
https://zakupki.gov.ru/223/contract/public/contract/view/subject-contract.html?style44=false&id=848071;;Информация о договоре;Информация о поставщиках;Информация о предмете договора;Изменения;Журнал событий;Цена договора;842 259,60;Валюта;Российский рубль;Дата начала исполнения договора;01.10.2015;Условие начала исполнения договора;-;Дата окончания исполнения договора;31.12.2015;Условие окончания исполнения договора;-;Наименование товаров, работ, услуг;;Классификация по ОКПД2;Удалить;Только позиции с неуказанным полем ОКПД2;;
https://zakupki.gov.ru/223/contract/public/contract/view/subject-contract.html?style44=false&id=1154457;;Информация о договоре;Информация о поставщиках;Информация о предмете договора;Изменения;Журнал событий;Цена договора;1 943 111,90;Валюта;Российский рубль;Дата начала исполнения договора;01.01.2016;Условие начала исполнения договора;-;Дата окончания исполнения договора;31.12.2016;Условие окончания исполнения договора;-;Наименование товаров, работ, услуг;;Классификация по ОКПД2;Удалить;Только позиции с неуказанным полем ОКПД2;;
https://zakupki.gov.ru/223/contract/public/contract/view/subject-contract.html?style44=false&id=94350;;Информация о договоре;Информация о поставщиках;Информация о предмете договора;Изменения;Журнал событий;Цена договора;346 873,50;Валюта;Российский рубль;Дата начала исполнения договора;01.01.2015;Условие начала исполнения договора;-;Дата окончания исполнения договора;31.12.2015;Условие окончания исполнения договора;-;Наименование товаров, работ, услуг;;Классификация по ОКПД2;Удалить;Только позиции с неуказанным полем ОКПД2;;
https://zakupki.gov.ru/223/contract/public/contract/view/subject-contract.html?style44=false&id=1103830;;Информация о договоре;Информация о поставщиках;Информация о предмете договора;Изменения;Журнал событий;Цена договора;1 200 000,00;Валюта;Российский рубль;Дата начала исполнения договора;31.12.2015;Условие начала исполнения договора;-;Дата окончания исполнения договора;28.02.2017;Условие окончания исполнения договора;-;Наименование товаров, работ, услуг;;Классификация по ОКПД2;Удалить;Только позиции с неуказанным полем ОКПД2;;
https://zakupki.gov.ru/223/contract/public/contract/view/subject-contract.html?style44=false&id=1103727;;Информация о договоре;Информация о поставщиках;Информация о предмете договора;Изменения;Журнал событий;Цена договора;600 000,00;Валюта;Российский рубль;Дата начала исполнения договора;30.12.2015;Условие начала исполнения договора;-;Дата окончания исполнения договора;28.02.2017;Условие окончания исполнения договора;-;Наименование товаров, работ, услуг;;Классификация по ОКПД2;Удалить;Только позиции с неуказанным полем ОКПД2;;
https://zakupki.gov.ru/223/contract/public/contract/view/subject-contract.html?style44=false&id=348178;;Информация о договоре;Информация о поставщиках;Информация о предмете договора;Изменения;Журнал событий;Цена договора;473 000,00;Валюта;Российский рубль;Дата начала исполнения договора;29.07.2015;Условие начала исполнения договора;-;Дата окончания исполнения договора;29.08.2015;Условие окончания исполнения договора;-;Наименование товаров, работ, услуг;;Классификация по ОКПД2;Удалить;Только позиции с неуказанным полем ОКПД2;;
https://zakupki.gov.ru/223/contract/public/contract/view/subject-contract.html?style44=false&id=946006;;Информация о договоре;Информация о поставщиках;Информация о предмете договора;Изменения;Журнал событий;Цена договора;1 995 616,00;Валюта;Российский рубль;Дата начала исполнения договора;01.01.2016;Условие начала исполнения договора;-;Дата окончания исполнения договора;31.12.2016;Условие окончания исполнения договора;-;Наименование товаров, работ, услуг;;Классификация по ОКПД2;Удалить;Только позиции с неуказанным полем ОКПД2;;
https://zakupki.gov.ru/223/contract/public/contract/view/subject-contract.html?style44=false&id=853321;;Информация о договоре;Информация о поставщиках;Информация о предмете договора;Изменения;Журнал событий;Цена договора;299 970,00;Валюта;Российский рубль;Дата начала исполнения договора;01.09.2015;Условие начала исполнения договора;-;Дата окончания исполнения договора;31.10.2015;Условие окончания исполнения договора;-;Наименование товаров, работ, услуг;;Классификация по ОКПД2;Удалить;Только позиции с неуказанным полем ОКПД2;;
https://zakupki.gov.ru/223/contract/public/contract/view/subject-contract.html?style44=false&id=837848;;Информация о договоре;Информация о поставщиках;Информация о предмете договора;Изменения;Журнал событий;Цена договора;356 400,00;Валюта;Российский рубль;Дата начала исполнения договора;01.11.2015;Условие начала исполнения договора;-;Дата окончания исполнения договора;31.12.2015;Условие окончания исполнения договора;-;Наименование товаров, работ, услуг;;Классификация по ОКПД2;Удалить;Только позиции с неуказанным полем ОКПД2;;
https://zakupki.gov.ru/223/contract/public/contract/view/subject-contract.html?style44=false&id=784559;;Информация о договоре;Информация о поставщиках;Информация о предмете договора;Изменения;Журнал событий;Цена договора;2 220 000,00;Валюта;Российский рубль;Дата начала исполнения договора;16.10.2015;Условие начала исполнения договора;-;Дата окончания исполнения договора;25.12.2015;Условие окончания исполнения договора;-;Наименование товаров, работ, услуг;;Классификация по ОКПД2;Удалить;Только позиции с неуказанным полем ОКПД2;;
https://zakupki.gov.ru/223/contract/public/contract/view/subject-contract.html?style44=false&id=766165;;Информация о договоре;Информация о поставщиках;Информация о предмете договора;Изменения;Журнал событий;Цена договора;1 656 000,00;Валюта;Российский рубль;Дата начала исполнения договора;09.10.2015;Условие начала исполнения договора;-;Дата окончания исполнения договора;10.02.2016;Условие окончания исполнения договора;-;Наименование товаров, работ, услуг;;Классификация по ОКПД2;Удалить;Только позиции с неуказанным полем ОКПД2;;
https://zakupki.gov.ru/223/contract/public/contract/view/subject-contract.html?style44=false&id=665544;;Информация о договоре;Информация о поставщиках;Информация о предмете договора;Изменения;Журнал событий;Цена договора;987 610,00;Валюта;Российский рубль;Дата начала исполнения договора;10.09.2015;Условие начала исполнения договора;-;Дата окончания исполнения договора;31.10.2015;Условие окончания исполнения договора;-;Наименование товаров, работ, услуг;;Классификация по ОКПД2;Удалить;Только позиции с неуказанным полем ОКПД2;;
https://zakupki.gov.ru/223/contract/public/contract/view/subject-contract.html?style44=false&id=561020;;Информация о договоре;Информация о поставщиках;Информация о предмете договора;Изменения;Журнал событий;Цена договора;299 990,00;Валюта;Российский рубль;Дата начала исполнения договора;03.08.2015;Условие начала исполнения договора;-;Дата окончания исполнения договора;30.11.2015;Условие окончания исполнения договора;-;Наименование товаров, работ, услуг;;Классификация по ОКПД2;Удалить;Только позиции с неуказанным полем ОКПД2;;
https://zakupki.gov.ru/223/contract/public/contract/view/subject-contract.html?style44=false&id=550627;;Информация о договоре;Информация о поставщиках;Информация о предмете договора;Изменения;Журнал событий;Цена договора;200 000,00;Валюта;Российский рубль;Дата начала исполнения договора;30.07.2015;Условие начала исполнения договора;-;Дата окончания исполнения договора;31.12.2015;Условие окончания исполнения договора;-;Наименование товаров, работ, услуг;;Классификация по ОКПД2;Удалить;Только позиции с неуказанным полем ОКПД2;;
https://zakupki.gov.ru/223/contract/public/contract/view/subject-contract.html?style44=false&id=521105;;Информация о договоре;Информация о поставщиках;Информация о предмете договора;Изменения;Журнал событий;Цена договора;997 404,00;Валюта;Российский рубль;Дата начала исполнения договора;15.07.2015;Условие начала исполнения договора;-;Дата окончания исполнения договора;30.09.2015;Условие окончания исполнения договора;-;Наименование товаров, работ, услуг;;Классификация по ОКПД2;Удалить;Только позиции с неуказанным полем ОКПД2;;
https://zakupki.gov.ru/223/contract/public/contract/view/subject-contract.html?style44=false&id=482731;;Информация о договоре;Информация о поставщиках;Информация о предмете договора;Изменения;Журнал событий;Цена договора;264 000,00;Валюта;Российский рубль;Дата начала исполнения договора;01.07.2015;Условие начала исполнения договора;-;Дата окончания исполнения договора;31.12.2015;Условие окончания исполнения договора;-;Наименование товаров, работ, услуг;;Классификация по ОКПД2;Удалить;Только позиции с неуказанным полем ОКПД2;;
https://zakupki.gov.ru/223/contract/public/contract/view/subject-contract.html?style44=false&id=361744;;Информация о договоре;Информация о поставщиках;Информация о предмете договора;Изменения;Журнал событий;Цена договора;600 000,00;Валюта;Российский рубль;Дата начала исполнения договора;29.05.2015;Условие начала исполнения договора;-;Дата окончания исполнения договора;30.07.2015;Условие окончания исполнения договора;-;Наименование товаров, работ, услуг;;Классификация по ОКПД2;Удалить;Только позиции с неуказанным полем ОКПД2;;
https://zakupki.gov.ru/223/contract/public/contract/view/subject-contract.html?style44=false&id=334530;;Информация о договоре;Информация о поставщиках;Информация о предмете договора;Изменения;Журнал событий;Цена договора;990 000,00;Валюта;Российский рубль;Дата начала исполнения договора;08.04.2015;Условие начала исполнения договора;-;Дата окончания исполнения договора;31.08.2015;Условие окончания исполнения договора;-;Наименование товаров, работ, услуг;;Классификация по ОКПД2;Удалить;Только позиции с неуказанным полем ОКПД2;;
https://zakupki.gov.ru/223/contract/public/contract/view/subject-contract.html?style44=false&id=287277;;Информация о договоре;Информация о поставщиках;Информация о предмете договора;Изменения;Журнал событий;Цена договора;997 407,76;Валюта;Российский рубль;Дата начала исполнения договора;24.04.2015;Условие начала исполнения договора;-;Дата окончания исполнения договора;31.07.2015;Условие окончания исполнения договора;-;Наименование товаров, работ, услуг;;Классификация по ОКПД2;Удалить;Только позиции с неуказанным полем ОКПД2;;
https://zakupki.gov.ru/223/contract/public/contract/view/subject-contract.html?style44=false&id=24103;;Информация о договоре;Информация о поставщиках;Информация о предмете договора;Изменения;Журнал событий;Цена договора;814 901,40;Валюта;Российский рубль;Дата начала исполнения договора;01.01.2015;Условие начала исполнения договора;-;Дата окончания исполнения договора;31.12.2015;Условие окончания исполнения договора;-;Наименование товаров, работ, услуг;;Классификация по ОКПД2;Удалить;Только позиции с неуказанным полем ОКПД2;;
https://zakupki.gov.ru/223/contract/public/contract/view/subject-contract.html?style44=false&id=216016;;Информация о договоре;Информация о поставщиках;Информация о предмете договора;Изменения;Журнал событий;Цена договора;296 880,00;Валюта;Российский рубль;Дата начала исполнения договора;01.01.2015;Условие начала исполнения договора;-;Дата окончания исполнения договора;16.03.2015;Условие окончания исполнения договора;-;Наименование товаров, работ, услуг;;Классификация по ОКПД2;Удалить;Только позиции с неуказанным полем ОКПД2;;
https://zakupki.gov.ru/223/contract/public/contract/view/subject-contract.html?style44=false&id=215971;;Информация о договоре;Информация о поставщиках;Информация о предмете договора;Изменения;Журнал событий;Цена договора;56 800,00;Валюта;Российский рубль;Дата начала исполнения договора;17.03.2015;Условие начала исполнения договора;-;Дата окончания исполнения договора;08.04.2015;Условие окончания исполнения договора;-;Наименование товаров, работ, услуг;;Классификация по ОКПД2;Удалить;Только позиции с неуказанным полем ОКПД2;;
https://zakupki.gov.ru/223/contract/public/contract/view/subject-contract.html?style44=false&id=196833;;Информация о договоре;Информация о поставщиках;Информация о предмете договора;Изменения;Журнал событий;Цена договора;949 500,00;Валюта;Российский рубль;Дата начала исполнения договора;14.01.2015;Условие начала исполнения договора;-;Дата окончания исполнения договора;15.04.2015;Условие окончания исполнения договора;-;Наименование товаров, работ, услуг;;Классификация по ОКПД2;Удалить;Только позиции с неуказанным полем ОКПД2;;
https://zakupki.gov.ru/223/contract/public/contract/view/subject-contract.html?style44=false&id=171510;;Информация о договоре;Информация о поставщиках;Информация о предмете договора;Изменения;Журнал событий;Цена договора;1 800 000,00;Валюта;Российский рубль;Дата начала исполнения договора;01.04.2015;Условие начала исполнения договора;-;Дата окончания исполнения договора;31.12.2015;Условие окончания исполнения договора;-;Наименование товаров, работ, услуг;;Классификация по ОКПД2;Удалить;Только позиции с неуказанным полем ОКПД2;;
https://zakupki.gov.ru/223/contract/public/contract/view/subject-contract.html?style44=false&id=166635;;Информация о договоре;Информация о поставщиках;Информация о предмете договора;Изменения;Журнал событий;Цена договора;292 500,00;Валюта;Российский рубль;Дата начала исполнения договора;01.04.2015;Условие начала исполнения договора;-;Дата окончания исполнения договора;31.07.2015;Условие окончания исполнения договора;-;Наименование товаров, работ, услуг;;Классификация по ОКПД2;Удалить;Только позиции с неуказанным полем ОКПД2;;
https://zakupki.gov.ru/223/contract/public/contract/view/subject-contract.html?style44=false&id=158751;;Информация о договоре;Информация о поставщиках;Информация о предмете договора;Изменения;Журнал событий;Цена договора;198 090,00;Валюта;Российский рубль;Дата начала исполнения договора;01.04.2015;Условие начала исполнения договора;-;Дата окончания исполнения договора;31.12.2015;Условие окончания исполнения договора;-;Наименование товаров, работ, услуг;;Классификация по ОКПД2;Удалить;Только позиции с неуказанным полем ОКПД2;;
